Suite/Test/Step Name,Browser,Description,Tag,Start time,End time,Duration,Status
TS_appointment_001,Chrome 120.0.0.0,,,19-01-2024 21:22:08,19-01-2024 21:23:43,1m - 35.676s,FAILED
,,,,,,,
Test Cases/appointment_page/TC_Cura_005,Chrome 120.0.0.0,,,19-01-2024 21:23:40,19-01-2024 21:23:43,3.643s,FAILED
Start listener action : sampleBeforeTestCase,Chrome 120.0.0.0,,,19-01-2024 21:23:40,19-01-2024 21:23:42,2.206s,ERROR
"selectOptionByValue(findTestObject(""Object Repository/TC_Cura_005/select_Tokyo CURA Healthcare Center        _5b4107""), facility, true)",Chrome 120.0.0.0,,,19-01-2024 21:23:42,19-01-2024 21:23:43,0.280s,FAILED
Start listener action : sampleAfterTestCase,Chrome 120.0.0.0,,,19-01-2024 21:23:43,19-01-2024 21:23:43,0.645s,ERROR
