Suite/Test/Step Name,Browser,Description,Tag,Start time,End time,Duration,Status
Login_testcases,Chrome 120.0.0.0,,,20-01-2024 20:36:13,20-01-2024 20:38:38,2m - 25.817s,FAILED
,,,,,,,
Test Cases/login_page/TC_Cura_002,Chrome 120.0.0.0,,,20-01-2024 20:38:38,20-01-2024 20:38:38,0.928s,FAILED
Start listener action : sampleBeforeTestCase,Chrome 120.0.0.0,,,20-01-2024 20:38:38,20-01-2024 20:38:38,0.225s,ERROR
"click(findTestObject(""Object Repository/Page_CURA Healthcare Service/i_fa fa-bars""))",Chrome 120.0.0.0,,,20-01-2024 20:38:38,20-01-2024 20:38:38,0.184s,FAILED
Start listener action : sampleAfterTestCase,Chrome 120.0.0.0,,,20-01-2024 20:38:38,20-01-2024 20:38:38,0.184s,ERROR
