Suite/Test/Step Name,Browser,Description,Tag,Start time,End time,Duration,Status
TS_appointment_001,Chrome 120.0.0.0,,,19-01-2024 21:48:16,19-01-2024 21:49:49,1m - 33.558s,FAILED
,,,,,,,
Test Cases/appointment_page/TC_Cura_005,Chrome 120.0.0.0,,,19-01-2024 21:49:38,19-01-2024 21:49:49,11.534s,FAILED
Start listener action : sampleBeforeTestCase,Chrome 120.0.0.0,,,19-01-2024 21:49:38,19-01-2024 21:49:45,6.983s,PASSED
"selectOptionByValue(findTestObject(""Object Repository/TC_Cura_005/select_Tokyo CURA Healthcare Center        _5b4107""), facility, true)",Chrome 120.0.0.0,,,19-01-2024 21:49:45,19-01-2024 21:49:46,1.345s,FAILED
Start listener action : sampleAfterTestCase,Chrome 120.0.0.0,,,19-01-2024 21:49:46,19-01-2024 21:49:49,2.986s,PASSED
